first_name;last_name;email;birth_date
Carey;Pendre;cpendre0@oakley.com;1983-03-24
Skipton;Schust;sschust1@timesonline.co.uk;1988-06-03
Faina;Womersley;fwomersley2@indiegogo.com;1988-04-08
Patton;Dibling;pdibling3@nationalgeographic.com;1966-09-09
Iggy;Bowgen;ibowgen4@so-net.ne.jp;1962-12-05
Maryanne;Gerrans;mgerrans5@paginegialle.it;1967-07-13
Collin;Bellay;cbellay6@disqus.com;1986-02-03
Homere;McFarlan;hmcfarlan7@google.de;1978-09-19
Drusy;Stanlake;dstanlake8@howstuffworks.com;1979-02-26
Nicola;Scampion;nscampion9@hexun.com;1978-08-30
Cammy;Beesley;cbeesleya@narod.ru;1974-07-26
Christoforo;Burkwood;cburkwoodb@hc360.com;1966-06-25
Thatch;Colchett;tcolchettc@sogou.com;1963-07-14
Carmina;Singleton;csingletond@baidu.com;1984-10-13
Jermaine;Mynard;jmynarde@nasa.gov;1984-01-12
Sinclare;Nel;snelf@spiegel.de;1986-06-26
Halli;Symers;hsymersg@unblog.fr;1962-01-11
Beauregard;Welton;bweltonh@cam.ac.uk;1971-07-27
Sally;Stud;sstudi@google.cn;1964-08-09
Christoper;Paty;cpatyj@technorati.com;1991-01-17
Shara;Moyle;smoylek@google.ru;1996-01-06
Juliet;Grog;jgrogl@washingtonpost.com;1976-04-02
Windham;Claasen;wclaasenm@yellowpages.com;1987-05-17
Jillian;Stuttard;jstuttardn@go.com;1994-05-21
Finley;Parr;fparro@ft.com;1991-01-04
Georgie;Richens;grichensp@cnet.com;1977-07-13
Leanor;Cumberbatch;lcumberbatchq@naver.com;1979-06-01
Cosette;Tincknell;ctincknellr@i2i.jp;1989-06-21
Siusan;Salzberger;ssalzbergers@mlb.com;1985-04-19
Murdock;Broke;mbroket@flavors.me;1966-08-07
Karmen;Lidyard;klidyardu@who.int;1974-06-23
Winfred;Beel;wbeelv@altervista.org;1978-05-16
Eloise;Farnworth;efarnworthw@pbs.org;1971-11-29
Tamas;Antonoyev;tantonoyevx@wsj.com;1961-06-11
Urbain;Gresham;ugreshamy@tinypic.com;1979-01-19
Tisha;Valentim;tvalentimz@hostgator.com;1965-01-18
Chickie;Reijmers;creijmers10@cnet.com;1963-08-30
Karly;Van den Velde;kvandenvelde11@goodreads.com;1992-06-26
Sunny;Clowney;sclowney12@census.gov;1994-11-10
Jefferey;Speenden;jspeenden13@webs.com;1965-01-29
Esme;Kuhl;ekuhl14@cbslocal.com;1979-07-25
Sydney;Klinck;sklinck15@purevolume.com;1960-09-20
Bud;Duffil;bduffil16@blogtalkradio.com;1977-04-24
Frederigo;Cuffley;fcuffley17@shutterfly.com;1988-01-03
Tony;Lorraine;tlorraine18@posterous.com;2000-08-23
Aidan;Langridge;alangridge19@elegantthemes.com;1972-08-09
Gabriellia;Rummings;grummings1a@meetup.com;1983-01-18
Aurthur;Cobello;acobello1b@vk.com;1969-02-03
Gib;Kilshall;gkilshall1c@mysql.com;1989-12-04
Ric;Mascall;rmascall1d@last.fm;1976-02-19
Sallyanne;Petrakov;spetrakov1e@washington.edu;1979-10-13
Kerrie;Folliott;kfolliott1f@sun.com;1985-03-19
Gabi;Currer;gcurrer1g@free.fr;1985-08-02
Desi;Dinesen;ddinesen1h@yelp.com;1963-07-03
Norri;Emblow;nemblow1i@infoseek.co.jp;1975-05-21
Laurens;Wreight;lwreight1j@utexas.edu;1962-10-14
Wilhelmina;Murrells;wmurrells1k@hostgator.com;1973-10-13
Noreen;Wardley;nwardley1l@google.de;1962-04-26
Flem;Doole;fdoole1m@cmu.edu;1964-12-01
Emmalyn;Wellwood;ewellwood1n@tmall.com;1996-10-06
Somerset;York;syork1o@cmu.edu;1998-07-13
Janaye;Sivorn;jsivorn1p@exblog.jp;1998-09-13
Heywood;Cooper;hcooper1q@blogtalkradio.com;1978-01-11
Scarlett;Handover;shandover1r@biglobe.ne.jp;1991-08-21
Mervin;Marples;mmarples1s@google.fr;1997-01-31
Piggy;Martineau;pmartineau1t@ft.com;1963-10-10
Leila;Lennie;llennie1u@hatena.ne.jp;1986-09-23
Sherrie;Attfield;sattfield1v@usnews.com;1971-09-13
Vicki;Elsegood;velsegood1w@ow.ly;1968-06-12
Jacintha;Swine;jswine1x@alibaba.com;1994-04-21
Karol;Keddle;kkeddle1y@ning.com;1988-07-06
Woody;Laurenson;wlaurenson1z@google.com.au;1974-10-13
Vito;Whiff;vwhiff20@sbwire.com;1984-04-12
Jim;Mecco;jmecco21@wiley.com;1973-07-26
Audra;Crossgrove;acrossgrove22@feedburner.com;1976-06-10
Cecilla;Peepall;cpeepall23@mashable.com;1962-06-12
Krista;Durrad;kdurrad24@hhs.gov;1965-06-14
Emmerich;Perulli;eperulli25@microsoft.com;1975-02-06
Bill;MacRitchie;bmacritchie26@chronoengine.com;1978-02-15
Ferdinanda;Melluish;fmelluish27@163.com;1961-02-10
Ermentrude;Axelbee;eaxelbee28@google.fr;1973-07-11
Kain;Skae;kskae29@mlb.com;1969-03-16
Huntley;Mallows;hmallows2a@usda.gov;1979-07-22
Tedra;Ninotti;tninotti2b@youku.com;1977-04-09
Hieronymus;Gawith;hgawith2c@youku.com;1966-06-16
Stu;Karpinski;skarpinski2d@example.com;1972-10-02
Tabina;Cockaday;tcockaday2e@photobucket.com;1964-01-19
Dev;Le Strange;dlestrange2f@rediff.com;1993-05-17
Margy;Waddilow;mwaddilow2g@is.gd;1989-10-22
Iolanthe;Halleybone;ihalleybone2h@ebay.co.uk;1999-09-27
Theodosia;Stokell;tstokell2i@blogger.com;1971-10-08
Arv;Axcell;aaxcell2j@utexas.edu;1991-08-10
Sharlene;Winwood;swinwood2k@fda.gov;1972-12-01
Marisa;Dulanty;mdulanty2l@senate.gov;1970-08-08
Alis;Pollastro;apollastro2m@artisteer.com;1968-03-10
Cherri;Yarr;cyarr2n@gmpg.org;1984-02-28
Jennee;Sammut;jsammut2o@bloglines.com;1980-12-19
Verge;Jefferys;vjefferys2p@deliciousdays.com;1965-11-29
Marion;Menico;mmenico2q@vk.com;1976-12-24
Rustie;McGriffin;rmcgriffin2r@1688.com;1974-03-21
Nil;Keher;nkeher2s@webmd.com;1987-06-17
Wilton;Antley;wantley2t@psu.edu;1970-12-11
Normie;Harley;nharley2u@hao123.com;1994-03-20
Angus;Sidlow;asidlow2v@netvibes.com;1978-10-27
Misty;Braunle;mbraunle2w@va.gov;1964-01-12
Sax;Wisedale;swisedale2x@geocities.jp;1997-10-05
Wallis;Gobeau;wgobeau2y@disqus.com;1998-03-22
Darryl;Thairs;dthairs2z@stumbleupon.com;1991-05-17
Marita;Leve;mleve30@imdb.com;1965-02-07
Judith;Tomblings;jtomblings31@constantcontact.com;1968-10-08
Monique;Trumpeter;mtrumpeter32@youku.com;1980-03-20
Wrennie;Stanlack;wstanlack33@bizjournals.com;1967-10-08
Mile;Quakley;mquakley34@vkontakte.ru;1981-06-02
Eddi;Steddall;esteddall35@paginegialle.it;1964-11-10
Chevy;Killford;ckillford36@vk.com;1990-12-26
Adele;Francklyn;afrancklyn37@reference.com;1971-10-21
Gratia;Brosoli;gbrosoli38@mapy.cz;1995-08-20
Filbert;Minto;fminto39@icio.us;1977-02-24
Jameson;Rene;jrene3a@nytimes.com;1977-04-05
Brandise;Muxworthy;bmuxworthy3b@jalbum.net;1962-08-13
Gwenneth;Astling;gastling3c@diigo.com;1983-02-22
Donella;Crichmer;dcrichmer3d@yandex.ru;1993-10-16
Giana;Gaunson;ggaunson3e@jimdo.com;1998-06-16
Krystalle;Capel;kcapel3f@dmoz.org;1973-10-12
Gherardo;Locker;glocker3g@constantcontact.com;1988-06-11
Abigale;Featherstonhaugh;afeatherstonhaugh3h@vk.com;1970-03-22
Gussi;Shinn;gshinn3i@seesaa.net;1995-05-31
Cornelius;Heckle;checkle3j@cloudflare.com;1992-11-04
Margit;Niezen;mniezen3k@japanpost.jp;1977-10-29
Loretta;Summerhayes;lsummerhayes3l@usda.gov;1988-04-03
Atlanta;Blader;ablader3m@nih.gov;1990-07-08
Vivi;Allman;vallman3n@furl.net;1993-03-23
Gerty;Tenaunt;gtenaunt3o@mapquest.com;1981-01-15
Rikki;Stanistreet;rstanistreet3p@goo.ne.jp;1994-09-05
Jennie;Wilsee;jwilsee3q@google.it;1991-05-19
Damita;Grewcock;dgrewcock3r@cbslocal.com;1967-11-28
Christyna;Pye;cpye3s@vkontakte.ru;1997-06-05
Yolane;Reedshaw;yreedshaw3t@amazon.com;1998-11-14
Lucian;Gillan;lgillan3u@cbc.ca;1980-03-15
Durand;Bletsoe;dbletsoe3v@github.com;1963-03-04
Ronalda;Raisher;rraisher3w@simplemachines.org;1965-07-30
Inger;De'Ath;ideath3x@ted.com;1980-05-29
Kingston;Baughan;kbaughan3y@infoseek.co.jp;1972-09-06
Margaux;Macvain;mmacvain3z@diigo.com;1995-01-05
Geraldine;Nend;gnend40@nydailynews.com;1997-10-10
Denny;Sissons;dsissons41@themeforest.net;1964-01-03
Greer;Foucar;gfoucar42@vkontakte.ru;1997-04-04
Kerk;Harnott;kharnott43@naver.com;1976-09-25
Pincas;Mercer;pmercer44@surveymonkey.com;1978-12-29
Josefina;Garett;jgarett45@com.com;1963-06-22
Rutger;Forestel;rforestel46@theatlantic.com;1963-04-28
Svend;Eaton;seaton47@buzzfeed.com;1985-01-30
Agnes;Ranner;aranner48@lulu.com;1990-09-26
Bunny;Meeks;bmeeks49@usnews.com;1996-09-11
Megan;Walthew;mwalthew4a@ihg.com;1995-03-22
Adele;Ribeiro;aribeiro4b@walmart.com;1973-11-17
Irwin;Simonich;isimonich4c@privacy.gov.au;1976-07-30
Robinet;Cosbey;rcosbey4d@slideshare.net;1986-03-27
Ethelin;Truman;etruman4e@newyorker.com;1983-03-04
Christabella;Ziemens;cziemens4f@cdc.gov;1962-05-27
Lorrie;Heyns;lheyns4g@ft.com;1986-09-05
Camey;Cobello;ccobello4h@cargocollective.com;1975-11-12
Myra;Widdall;mwiddall4i@deliciousdays.com;1980-02-29
Genny;Beevis;gbeevis4j@paginegialle.it;1997-04-15
Scotty;Wilman;swilman4k@google.fr;1990-08-21
Merrilee;Hargrave;mhargrave4l@behance.net;1987-03-08
Nate;Kalinovich;nkalinovich4m@phoca.cz;1994-03-18
Nicki;Goulstone;ngoulstone4n@cbsnews.com;1976-09-26
Worthington;Ambrosio;wambrosio4o@blogger.com;1961-01-24
Willamina;Prendergast;wprendergast4p@umich.edu;1999-11-22
Magdalene;Wellan;mwellan4q@blinklist.com;1984-11-22
Ellery;Force;eforce4r@latimes.com;1982-12-03
Brigitte;Snoxall;bsnoxall4s@stanford.edu;1972-10-23
Catlaina;Oury;coury4t@wisc.edu;1988-01-31
Daryn;Bellworthy;dbellworthy4u@discuz.net;1961-08-10
Dulcea;Varfalameev;dvarfalameev4v@un.org;1996-08-10
Harriott;Tarburn;htarburn4w@qq.com;1979-08-10
Pepe;Nevet;pnevet4x@sun.com;1986-02-02
Sibel;Yoakley;syoakley4y@princeton.edu;1982-01-21
Meredith;Winram;mwinram4z@un.org;1981-05-25
Kittie;Axe;kaxe50@ihg.com;1982-12-10
Brade;Kitney;bkitney51@sakura.ne.jp;1989-09-12
Chandra;Covotti;ccovotti52@buzzfeed.com;1965-07-14
Christos;Barents;cbarents53@t.co;1978-07-06
Zora;Phayre;zphayre54@cyberchimps.com;1990-10-08
Elianore;McKinn;emckinn55@redcross.org;1977-06-17
Gigi;Odgaard;godgaard56@ocn.ne.jp;1999-05-04
Doloritas;Bertomeu;dbertomeu57@ifeng.com;1980-05-19
Tarrance;Pearce;tpearce58@google.it;1996-07-31
Tobey;Paradin;tparadin59@privacy.gov.au;1987-09-24
Beniamino;Van Merwe;bvanmerwe5a@trellian.com;1968-04-21
Derick;Redwood;dredwood5b@slashdot.org;1993-09-08
Merrie;Wohler;mwohler5c@w3.org;1968-04-12
Matthew;Precious;mprecious5d@is.gd;1994-10-08
Anabal;Dash;adash5e@youtu.be;1989-09-27
Halie;Wornham;hwornham5f@microsoft.com;1992-10-29
Ase;Fulton;afulton5g@census.gov;1973-11-05
Cecil;Kinney;ckinney5h@ucoz.com;1964-09-11
Cletus;Mitchelmore;cmitchelmore5i@irs.gov;1990-11-12
Cecily;Malins;cmalins5j@phoca.cz;1998-06-01
Ingar;Treves;itreves5k@salon.com;1961-03-03
Dru;Mc Caughan;dmccaughan5l@last.fm;1975-07-06
Georgia;Sainter;gsainter5m@twitter.com;1989-04-29
Chickie;Armfirld;carmfirld5n@netscape.com;1962-06-20
Archambault;Bernth;abernth5o@360.cn;1965-11-16
Mathian;Llopis;mllopis5p@homestead.com;1975-08-17
Llewellyn;Lorant;llorant5q@kickstarter.com;1991-05-24
Pace;Cossentine;pcossentine5r@wp.com;1986-07-05
Vincenty;Durnford;vdurnford5s@ovh.net;1972-11-04
Lizette;Patifield;lpatifield5t@360.cn;1997-02-21
Darb;Dannett;ddannett5u@hc360.com;1982-04-06
Ignatius;Kestian;ikestian5v@privacy.gov.au;1990-05-26
Lemar;Grigolli;lgrigolli5w@gmpg.org;1987-01-07
Moses;Waterman;mwaterman5x@loc.gov;1982-07-16
Ramonda;Baudou;rbaudou5y@sbwire.com;1981-07-13
Roderigo;Souter;rsouter5z@bandcamp.com;1979-07-12
Prince;Grierson;pgrierson60@sciencedaily.com;1995-08-01
Kenon;Hanbury;khanbury61@smh.com.au;1972-09-22
Nicko;Tranter;ntranter62@cbslocal.com;1987-02-11
Egon;Shrawley;eshrawley63@github.io;1985-06-30
Betsey;Baston;bbaston64@cnet.com;1969-06-12
Trista;McKennan;tmckennan65@jalbum.net;1961-04-23
Eadie;Rickerby;erickerby66@ucoz.ru;1961-10-14
Yulma;Parmiter;yparmiter67@t.co;1979-12-12
Ina;Goeff;igoeff68@webmd.com;1981-01-27
Rem;Mearns;rmearns69@newyorker.com;1969-04-19
Britni;Dadd;bdadd6a@constantcontact.com;1989-01-25
Devland;Beeby;dbeeby6b@ox.ac.uk;1994-03-28
Ettore;Kennion;ekennion6c@illinois.edu;1989-05-14
Charyl;Hammett;chammett6d@army.mil;1998-07-26
Allina;Preshous;apreshous6e@wisc.edu;1972-12-16
Martguerita;Horsburgh;mhorsburgh6f@economist.com;1971-08-15
Kariotta;Butrimovich;kbutrimovich6g@nyu.edu;1985-02-06
Salomon;Aldam;saldam6h@geocities.jp;1966-01-23
Quintin;Gaynesford;qgaynesford6i@storify.com;1980-11-19
Sherilyn;Pulster;spulster6j@youtu.be;1982-05-18
Urson;Snoxill;usnoxill6k@hao123.com;1983-08-06
Lannie;Rawlyns;lrawlyns6l@feedburner.com;1974-11-05
Homere;Maughan;hmaughan6m@prlog.org;1968-02-04
Samantha;Menary;smenary6n@example.com;1960-08-21
Siegfried;Boustred;sboustred6o@narod.ru;1992-01-31
Zeb;Corderoy;zcorderoy6p@prnewswire.com;1982-12-17
Omero;Labarre;olabarre6q@nasa.gov;1994-02-04
Gaby;Chasemore;gchasemore6r@ft.com;1960-11-22
Louisa;Ettery;lettery6s@soundcloud.com;1970-05-03
Janela;Titherington;jtitherington6t@privacy.gov.au;1996-06-19
Kerrill;Liversedge;kliversedge6u@storify.com;1967-05-11
Kristan;Larenson;klarenson6v@networkadvertising.org;1986-05-06
Matias;Huncoot;mhuncoot6w@blog.com;1997-10-07
Kirsten;Antuoni;kantuoni6x@hao123.com;1990-04-21
Rockwell;Baylie;rbaylie6y@google.co.jp;1965-12-27
Dody;Sprackling;dsprackling6z@senate.gov;1975-01-30
Vyky;O' Kelleher;vokelleher70@google.ca;1992-03-27
Dyana;Waliszek;dwaliszek71@bigcartel.com;1991-01-06
Annie;Fullicks;afullicks72@vkontakte.ru;1972-05-31
Urson;Abbet;uabbet73@seesaa.net;1983-07-17
Antony;Ferbrache;aferbrache74@list-manage.com;1981-03-08
Candy;Bayfield;cbayfield75@usa.gov;1995-09-25
Ariana;Bazylets;abazylets76@adobe.com;1977-09-17
Hyacinthie;Ridgedell;hridgedell77@psu.edu;1995-06-03
Theresina;Duddin;tduddin78@chronoengine.com;1995-02-09
Linea;Giraldo;lgiraldo79@wunderground.com;1976-05-19
Ileana;Shills;ishills7a@ox.ac.uk;1960-01-03
Margaux;Gyse;mgyse7b@de.vu;1995-03-31
Ninnette;McBrearty;nmcbrearty7c@fema.gov;1991-05-28
Bianka;Kimblin;bkimblin7d@slashdot.org;1992-11-21
Jeddy;Ludgrove;jludgrove7e@cpanel.net;1964-10-22
Isidoro;Pickersail;ipickersail7f@merriam-webster.com;1963-08-14
Isidora;Passie;ipassie7g@facebook.com;1996-02-02
Jaclyn;Shilburne;jshilburne7h@unesco.org;1963-11-08
Adlai;Ravillas;aravillas7i@theglobeandmail.com;1990-04-18
Dotty;Shwenn;dshwenn7j@samsung.com;1992-01-18
Kayley;Quilligan;kquilligan7k@tamu.edu;1960-07-14
Townsend;Linay;tlinay7l@baidu.com;1962-03-19
Geneva;Arnao;garnao7m@dropbox.com;1978-12-25
Fidole;Folbigg;ffolbigg7n@mlb.com;1991-10-21
Melvyn;Bolderoe;mbolderoe7o@nymag.com;1977-02-02
Judas;Lyst;jlyst7p@lulu.com;1966-01-24
Bari;Ker;bker7q@census.gov;1985-04-27
Hew;Nursey;hnursey7r@hud.gov;2000-09-18
Stefano;Averay;saveray7s@ihg.com;1968-10-12
Keely;Poundsford;kpoundsford7t@webmd.com;1997-12-14
Katina;Pidgeon;kpidgeon7u@meetup.com;1999-01-05
Adams;Pettigree;apettigree7v@nyu.edu;1973-02-22
Nickie;Cornell;ncornell7w@gov.uk;1965-08-18
Saul;Beyer;sbeyer7x@narod.ru;2001-01-07
Tadeo;Dalgety;tdalgety7y@tripod.com;1969-05-08
Leigh;Seres;lseres7z@samsung.com;1968-10-23
Clemmy;Godspede;cgodspede80@illinois.edu;1968-07-13
Sergei;Mather;smather81@scribd.com;1969-12-14
Olympe;McSporon;omcsporon82@mit.edu;1963-09-04
Franzen;Mostin;fmostin83@linkedin.com;1986-11-13
Ker;Freeth;kfreeth84@domainmarket.com;1977-09-06
Cordell;McKimmie;cmckimmie85@so-net.ne.jp;1999-05-15
Melany;Bullick;mbullick86@angelfire.com;1972-01-22
Samantha;Rickesies;srickesies87@discovery.com;1968-03-05
Johnath;Furphy;jfurphy88@webs.com;1990-05-19
Esma;Sands;esands89@jigsy.com;1979-11-16
Dmitri;Stidworthy;dstidworthy8a@craigslist.org;1988-02-20
Tawnya;Hastelow;thastelow8b@theguardian.com;1962-03-26
Donny;Rycroft;drycroft8c@netvibes.com;1977-08-18
Berty;Leman;bleman8d@boston.com;1994-02-01
Karlee;Checchetelli;kchecchetelli8e@craigslist.org;1980-10-12
Carmen;Fyldes;cfyldes8f@intel.com;1983-11-17
Alis;Kaman;akaman8g@nydailynews.com;1990-10-29
Seamus;Waiton;swaiton8h@privacy.gov.au;1970-05-19
Dore;Davys;ddavys8i@wikimedia.org;1966-12-03
Alene;Leil;aleil8j@comsenz.com;1987-11-09
Niven;Erratt;nerratt8k@unicef.org;1971-02-13
Lorine;Lorraine;llorraine8l@answers.com;1977-02-18
Demott;Arnecke;darnecke8m@zimbio.com;1980-02-11
Marla;Kemster;mkemster8n@geocities.com;1984-04-18
Jsandye;Doohan;jdoohan8o@icq.com;1973-12-20
Harlene;Vecard;hvecard8p@goo.gl;1997-10-17
Jessi;Goshawke;jgoshawke8q@princeton.edu;1983-06-10
Leona;Steketee;lsteketee8r@economist.com;1968-03-05
Elenore;McGrory;emcgrory8s@dropbox.com;1978-04-25
Mirna;Cain;mcain8t@mlb.com;1998-11-28
Putnem;Masarrat;pmasarrat8u@mapquest.com;1967-11-01
Brenden;Gheorghie;bgheorghie8v@utexas.edu;1986-10-29
Farr;Baccas;fbaccas8w@army.mil;1970-08-17
Zeb;Ring;zring8x@businessweek.com;1962-01-10
Alano;Di Bartolommeo;adibartolommeo8y@domainmarket.com;1969-09-01
Jimmy;Ridgley;jridgley8z@comsenz.com;1999-09-19
Hervey;Wharin;hwharin90@unicef.org;1986-08-24
Joann;Baxstair;jbaxstair91@uol.com.br;2000-12-21
Colas;Juszczak;cjuszczak92@fda.gov;1975-09-12
Nicoli;Jumont;njumont93@apache.org;2000-12-23
Lorene;Lavall;llavall94@geocities.jp;1993-09-07
Richmound;Baton;rbaton95@godaddy.com;1997-08-29
Pammi;Cecere;pcecere96@webnode.com;1966-06-05
Doralynn;Delamere;ddelamere97@si.edu;1973-05-27
Dillon;De Fries;ddefries98@soundcloud.com;1998-04-02
Michal;Fulloway;mfulloway99@craigslist.org;1998-12-26
Grethel;Attenborough;gattenborough9a@upenn.edu;1991-12-18
Valeda;Lennie;vlennie9b@amazon.de;1965-03-30
Cleo;Trevers;ctrevers9c@amazon.co.jp;1986-10-25
Shela;Brimming;sbrimming9d@wix.com;1972-02-04
Derick;Pietranek;dpietranek9e@ebay.com;1994-06-12
Alec;Wolfenden;awolfenden9f@nasa.gov;1960-05-15
Glenn;Kyberd;gkyberd9g@ftc.gov;1974-12-07
Danielle;Pyford;dpyford9h@networkadvertising.org;1964-02-09
Marley;Gallardo;mgallardo9i@taobao.com;1969-06-09
Emilie;Checcucci;echeccucci9j@jimdo.com;1964-01-25
Atalanta;Ricardon;aricardon9k@accuweather.com;1994-07-12
Emmett;Elvy;eelvy9l@noaa.gov;1995-09-09
Babette;Van der Beken;bvanderbeken9m@umn.edu;1990-02-22
Robinson;Danihel;rdanihel9n@cargocollective.com;1987-01-01
Cherida;Buckley;cbuckley9o@smugmug.com;1983-11-27
Reginauld;Kneal;rkneal9p@ycombinator.com;1981-06-27
Joice;Kubes;jkubes9q@newyorker.com;1978-01-22
Zebedee;Dybell;zdybell9r@trellian.com;1977-06-15
Rhona;Lugg;rlugg9s@google.pl;1999-11-23
Nilson;Lutsch;nlutsch9t@biglobe.ne.jp;1978-02-04
Berta;Safe;bsafe9u@tinypic.com;1969-10-22
Jakie;De Bernardi;jdebernardi9v@flavors.me;2000-09-15
Rene;Mooney;rmooney9w@theglobeandmail.com;1997-05-26
Myrah;McMurty;mmcmurty9x@so-net.ne.jp;1986-12-06
Marion;Hadny;mhadny9y@geocities.com;1987-06-23
Hadlee;Brosel;hbrosel9z@admin.ch;1981-07-14
Lester;Saltsberg;lsaltsberga0@joomla.org;1984-01-26
Brad;Snalom;bsnaloma1@nymag.com;1961-05-27
Marcellina;Darton;mdartona2@amazon.com;1971-01-11
Tait;Kleinplatz;tkleinplatza3@fc2.com;1998-12-09
Loree;Geyton;lgeytona4@squidoo.com;1992-10-24
Keslie;Srawley;ksrawleya5@hatena.ne.jp;1995-03-08
Chrissy;Siebart;csiebarta6@arizona.edu;1993-01-26
Tedmund;Adamkiewicz;tadamkiewicza7@woothemes.com;1971-06-24
Grayce;Woodcroft;gwoodcrofta8@shutterfly.com;1967-12-07
Berkly;Scamadin;bscamadina9@naver.com;1994-10-17
Sib;O'Gaven;sogavenaa@csmonitor.com;1978-06-02
Care;Steynor;csteynorab@thetimes.co.uk;1965-11-22
Eliza;Hagan;ehaganac@ucoz.ru;1961-04-17
Marthe;Bridal;mbridalad@com.com;1960-02-25
Suzanne;Tressler;stresslerae@amazon.com;1989-07-23
Letisha;Dirr;ldirraf@toplist.cz;1998-08-02
Errol;Wheowall;ewheowallag@cnbc.com;1980-10-31
Wolfie;O'Dempsey;wodempseyah@deviantart.com;1987-07-25
Lorenza;Ferguson;lfergusonai@latimes.com;1962-12-12
Pierce;Giddons;pgiddonsaj@xing.com;1964-06-06
Angil;Kinforth;akinforthak@globo.com;1983-07-25
Douglass;Quinnet;dquinnetal@netlog.com;1990-08-07
Page;Island;pislandam@google.ru;1980-03-18
Gay;Gervaise;ggervaisean@t.co;1989-03-09
Kacey;Prawle;kprawleao@ucoz.com;1965-03-23
Patrice;Drust;pdrustap@businessinsider.com;2000-11-04
Hallsy;Soanes;hsoanesaq@icio.us;1976-06-26
Albertine;Gantz;agantzar@cafepress.com;1991-03-08
Levon;Wraight;lwraightas@slate.com;1982-03-11
Diahann;Stukings;dstukingsat@ning.com;1983-10-27
Giana;Isaacson;gisaacsonau@163.com;1995-08-20
Belle;Harriskine;bharriskineav@seattletimes.com;1995-11-11
Olga;Weiss;oweissaw@netlog.com;1961-04-17
Ruperta;Braidford;rbraidfordax@woothemes.com;1989-06-12
Wynnie;Rasell;wrasellay@skyrock.com;1989-12-21
Katina;Di Franceschi;kdifranceschiaz@github.io;1993-04-19
Sullivan;Shaddick;sshaddickb0@woothemes.com;1969-03-06
Audie;Curry;acurryb1@fotki.com;1960-08-06
Remy;Player;rplayerb2@stumbleupon.com;1967-02-19
Fritz;Beranek;fberanekb3@comsenz.com;1983-11-13
Katey;Glasebrook;kglasebrookb4@guardian.co.uk;1987-12-05
Rozella;Shrimplin;rshrimplinb5@gizmodo.com;1987-12-28
Neila;Clements;nclementsb6@va.gov;1965-11-26
Ernesta;Toplin;etoplinb7@wiley.com;1986-06-15
Elvyn;Beedom;ebeedomb8@ebay.co.uk;1978-10-06
Sigismondo;Duffer;sdufferb9@pbs.org;1999-05-18
Ruy;Carvill;rcarvillba@skype.com;1976-09-10
Constantina;Maclean;cmacleanbb@gmpg.org;1967-09-17
Fanchette;Roumier;froumierbc@facebook.com;1989-12-16
Noach;Foli;nfolibd@youku.com;1962-07-07
Wendeline;Jonathon;wjonathonbe@multiply.com;1975-12-21
Chick;Sambell;csambellbf@51.la;1985-12-26
Darnell;MacCoveney;dmaccoveneybg@shop-pro.jp;1976-02-07
Gifford;Krolak;gkrolakbh@i2i.jp;1975-09-09
Shirleen;Beaufoy;sbeaufoybi@creativecommons.org;1989-03-02
Reynard;Sturt;rsturtbj@usatoday.com;1969-03-29
Shayla;Arlow;sarlowbk@php.net;1989-09-04
Ches;Walsh;cwalshbl@eepurl.com;1962-12-12
Morgan;Stockill;mstockillbm@dmoz.org;2000-03-09
Tamera;Gallamore;tgallamorebn@auda.org.au;1976-09-23
Martino;Kilmartin;mkilmartinbo@pen.io;1999-04-05
Skippie;Catonnet;scatonnetbp@spotify.com;1977-04-28
Natalya;Rival;nrivalbq@rediff.com;1966-12-21
Delia;Cabel;dcabelbr@furl.net;1979-06-18
Evered;Cropp;ecroppbs@hao123.com;1979-10-25
Wileen;Leese;wleesebt@omniture.com;1963-05-30
Darice;Oakland;doaklandbu@imdb.com;1978-08-09
Bonny;Baudy;bbaudybv@omniture.com;1994-12-18
Andreana;Canet;acanetbw@tmall.com;1976-04-26
Tedman;Clifft;tclifftbx@apache.org;1977-11-05
Solly;Reid;sreidby@shutterfly.com;1975-12-14
Normie;Blundan;nblundanbz@hostgator.com;1994-11-30
Lorettalorna;McConnal;lmcconnalc0@weibo.com;1972-03-21
Aline;Clixby;aclixbyc1@fotki.com;1960-04-04
Curtis;Rowles;crowlesc2@github.com;1965-07-12
Corrie;McNerlin;cmcnerlinc3@t.co;2000-04-07
Griz;Kimberly;gkimberlyc4@opera.com;1987-12-29
Dido;Greig;dgreigc5@furl.net;1971-08-12
Kriste;Normandale;knormandalec6@moonfruit.com;1966-10-27
Laural;Cancellario;lcancellarioc7@gov.uk;1971-12-12
Ellissa;Kaman;ekamanc8@prlog.org;1988-02-26
Jojo;Eales;jealesc9@clickbank.net;1964-10-19
Carlene;Legg;cleggca@nps.gov;1979-07-26
Markus;Brayfield;mbrayfieldcb@prlog.org;1974-01-19
Harriott;Doe;hdoecc@youtube.com;1972-04-24
Josy;Brierley;jbrierleycd@google.co.uk;1978-03-20
Val;Aizik;vaizikce@spotify.com;1960-03-19
Tremayne;Duny;tdunycf@google.nl;1987-05-04
Lorena;Easson;leassoncg@apple.com;1996-12-24
Hendrik;Fewings;hfewingsch@zimbio.com;1979-03-02
Regan;Jackes;rjackesci@cargocollective.com;1987-02-15
Craig;Smieton;csmietoncj@icio.us;1965-12-31
Rustin;Rickis;rrickisck@netlog.com;1998-10-01
Suzy;Marlowe;smarlowecl@mit.edu;1995-08-27
Linette;McIlhatton;lmcilhattoncm@nature.com;1997-12-06
Camile;Tupman;ctupmancn@meetup.com;1973-02-22
Noelyn;Ferreo;nferreoco@wikipedia.org;1988-05-07
Fidole;MacCaghan;fmaccaghancp@cnbc.com;1976-08-02
Josephine;Kovalski;jkovalskicq@squidoo.com;1993-04-25
Erinn;Aylwin;eaylwincr@technorati.com;1978-01-23
Benetta;Wand;bwandcs@kickstarter.com;1994-10-12
Bil;Duxbarry;bduxbarryct@altervista.org;1960-06-23
Nelia;Kilduff;nkilduffcu@thetimes.co.uk;1996-11-16
Jasper;Spaducci;jspaduccicv@infoseek.co.jp;1969-05-05
Ursala;Patey;upateycw@reference.com;1978-03-01
Kata;Radmore;kradmorecx@etsy.com;1976-08-18
Uta;Whye;uwhyecy@china.com.cn;1989-05-06
Nannette;Seeks;nseekscz@un.org;2000-04-07
Edithe;Arlett;earlettd0@unicef.org;1979-05-05
Athene;Venediktov;avenediktovd1@virginia.edu;1967-09-05
Rafaelita;Treweke;rtreweked2@cdbaby.com;1973-06-30
Shara;Frearson;sfrearsond3@scribd.com;1978-03-18
Yehudi;Baugham;ybaughamd4@weather.com;1996-12-27
Laney;Kiggel;lkiggeld5@auda.org.au;1963-01-05
Carson;Pottell;cpottelld6@tiny.cc;1986-12-02
Gillie;Kivell;gkivelld7@slideshare.net;1991-01-08
Selestina;Compfort;scompfortd8@goo.gl;1974-06-17
Had;Koppes;hkoppesd9@blogspot.com;1983-07-16
Ingaborg;Wellum;iwellumda@tamu.edu;1969-04-14
Clemmy;Swadling;cswadlingdb@about.com;1994-05-09
Arte;Folbigg;afolbiggdc@oakley.com;1974-02-01
Patsy;Pendrick;ppendrickdd@hexun.com;1998-06-07
Ameline;Lamble;alamblede@tinypic.com;1994-03-05
Dawna;Adshed;dadsheddf@paypal.com;1972-03-08
Blinni;Benka;bbenkadg@weebly.com;1983-03-04
Sharai;Sawforde;ssawfordedh@miitbeian.gov.cn;1984-04-15
Addie;Weale;awealedi@reverbnation.com;1986-05-17
Emmy;Lantaph;elantaphdj@forbes.com;1971-06-01
Nat;Rhead;nrheaddk@tripod.com;1978-06-06
Benji;Miko;bmikodl@sina.com.cn;1997-12-17
Charleen;Goodredge;cgoodredgedm@theguardian.com;1990-08-04
Bank;Mazonowicz;bmazonowiczdn@nih.gov;1988-12-15
Norine;Cullivan;ncullivando@hud.gov;1983-01-03
Curran;Simononsky;csimononskydp@mit.edu;1961-01-07
Bobby;Giovanardi;bgiovanardidq@ted.com;1978-07-12
Carlie;Turle;cturledr@biglobe.ne.jp;1971-02-10
Sansone;Durnan;sdurnands@sbwire.com;1991-07-25
Alfonso;Berrycloth;aberryclothdt@barnesandnoble.com;1968-03-19
Elyn;Axleby;eaxlebydu@cam.ac.uk;1982-07-21
Alys;Forstall;aforstalldv@bloglines.com;1964-01-17
Rene;Schimann;rschimanndw@cnn.com;1991-03-21
Shanna;Etock;setockdx@addthis.com;1982-07-09
Tracy;Colliford;tcolliforddy@earthlink.net;1989-05-07
Ginelle;Sainter;gsainterdz@facebook.com;1961-09-03
Adolpho;Hubbocks;ahubbockse0@deliciousdays.com;1990-10-02
Yulma;Weben;ywebene1@edublogs.org;1989-01-03
Pernell;Le Sieur;plesieure2@earthlink.net;1986-05-31
Teresa;Oliver-Paull;toliverpaulle3@mozilla.com;1986-07-27
Brittni;MacSkeagan;bmacskeagane4@google.co.jp;1995-05-03
Finlay;Carden;fcardene5@unblog.fr;1971-08-03
Silvie;Eborall;seboralle6@hibu.com;1986-05-10
Monti;Kindell;mkindelle7@tripadvisor.com;1983-06-03
Ardis;Lamborn;alamborne8@cmu.edu;1979-04-01
Anabel;Colwell;acolwelle9@feedburner.com;1967-02-22
Vernor;Loisi;vloisiea@twitpic.com;1972-09-22
Egan;Gogerty;egogertyeb@nih.gov;1999-08-02
Mack;Abbett;mabbettec@about.me;1960-05-17
Phylys;Emlin;pemlined@devhub.com;1960-10-26
Helyn;Benedick;hbenedickee@opera.com;1973-05-23
Ingunna;Braffington;ibraffingtonef@github.com;1967-05-21
Tamar;Nano;tnanoeg@csmonitor.com;1995-06-10
Beitris;Shyre;bshyreeh@scientificamerican.com;1991-08-10
Lammond;Blais;lblaisei@github.io;1973-10-06
Charo;Dunnan;cdunnanej@ehow.com;1968-08-17
Eugen;Bunner;ebunnerek@go.com;1972-06-05
Kylila;Cusack;kcusackel@hao123.com;1970-07-11
Mick;Trethowan;mtrethowanem@arizona.edu;1985-01-29
Tucker;Murdie;tmurdieen@marketwatch.com;1981-11-29
Evey;Jakubovitch;ejakubovitcheo@eventbrite.com;1969-04-19
Phillie;Dolligon;pdolligonep@bing.com;1999-11-08
Kippy;Lodemann;klodemanneq@nydailynews.com;1960-03-05
Fannie;Zammett;fzammetter@sphinn.com;1981-03-04
Flory;Stirgess;fstirgesses@npr.org;1977-10-25
Ajay;Ganderton;agandertonet@imageshack.us;1994-06-10
Cody;Kochel;ckocheleu@usnews.com;1980-06-29
Broddy;Lamplough;blamploughev@godaddy.com;1964-07-05
Levey;Christie;lchristieew@guardian.co.uk;1983-10-26
Lyell;Gerard;lgerardex@hao123.com;1981-02-23
Rosanne;Muzzollo;rmuzzolloey@slate.com;1987-05-26
Denis;Reihm;dreihmez@edublogs.org;1987-05-08
Evangelin;Bloor;ebloorf0@t.co;1998-07-19
Osmond;Shea;osheaf1@about.com;1974-02-17
Barret;Cinnamond;bcinnamondf2@sbwire.com;1970-11-17
Rozele;Vedeshkin;rvedeshkinf3@zdnet.com;1978-12-18
Nanette;Spittles;nspittlesf4@patch.com;1972-08-01
Guillemette;Nairn;gnairnf5@addtoany.com;1997-10-30
Wolfgang;Sennett;wsennettf6@mlb.com;1966-09-18
Dilly;Chiplen;dchiplenf7@pinterest.com;1998-10-20
Candice;Gillie;cgillief8@google.es;1961-01-18
Paquito;MacLaughlin;pmaclaughlinf9@canalblog.com;1975-04-13
Sidonia;Arkin;sarkinfa@ebay.co.uk;1983-06-08
Baxy;Scaice;bscaicefb@t.co;1983-07-05
Nico;Mokes;nmokesfc@deviantart.com;1996-11-26
Jimmie;Secombe;jsecombefd@topsy.com;1983-05-06
Irvine;Vondrasek;ivondrasekfe@topsy.com;1993-03-28
Friedrick;Craigheid;fcraigheidff@prnewswire.com;1991-05-31
Linc;Spinke;lspinkefg@fda.gov;1977-08-26
Jocko;Oosthout de Vree;joosthoutdevreefh@constantcontact.com;1985-07-25
Karyn;Fillis;kfillisfi@ed.gov;1978-05-17
Wilone;Malpas;wmalpasfj@mapy.cz;1994-11-04
Maude;MacGaffey;mmacgaffeyfk@booking.com;1969-01-29
Andy;Tilt;atiltfl@photobucket.com;1988-06-11
Inna;Tomlett;itomlettfm@flavors.me;1992-01-22
Knox;Guiett;kguiettfn@oracle.com;1979-06-21
Angelita;Adds;aaddsfo@bizjournals.com;1965-08-03
Rob;Demeza;rdemezafp@tinypic.com;1976-01-03
Serge;Choake;schoakefq@ed.gov;1978-04-26
Lorry;Notley;lnotleyfr@ihg.com;1990-06-16
Tami;Hambribe;thambribefs@wix.com;1974-01-06
Caty;Hailwood;chailwoodft@guardian.co.uk;1986-04-24
Hartwell;Skoughman;hskoughmanfu@nasa.gov;1978-04-08
Abelard;Riach;ariachfv@com.com;1996-07-03
Hyacinthia;Caveill;hcaveillfw@freewebs.com;1964-10-13
Zilvia;Abbati;zabbatifx@cmu.edu;1977-02-12
Peter;Legion;plegionfy@photobucket.com;1973-12-22
Mata;Conkey;mconkeyfz@naver.com;1985-06-16
Glenn;Titheridge;gtitheridgeg0@bing.com;1969-11-11
Matti;Provis;mprovisg1@walmart.com;1967-11-28
Kristina;Strangman;kstrangmang2@prlog.org;1995-08-06
Adams;Batkin;abatking3@comcast.net;1965-03-07
Massimo;Scroxton;mscroxtong4@census.gov;1991-02-13
Derward;Kindleside;dkindlesideg5@msu.edu;1993-12-16
Eddy;Maynard;emaynardg6@bbb.org;1995-06-08
Bronson;Sumpter;bsumpterg7@ucoz.ru;1962-04-06
Guillema;Fairhall;gfairhallg8@engadget.com;1990-09-24
Carly;Moverley;cmoverleyg9@engadget.com;1989-12-05
Ingmar;Domeny;idomenyga@slate.com;1965-08-13
Amerigo;Larking;alarkinggb@constantcontact.com;1967-03-04
Xerxes;Eburne;xeburnegc@google.pl;1974-06-13
Godard;Dwire;gdwiregd@europa.eu;1997-08-29
Georgie;Ricciardello;gricciardelloge@addtoany.com;1979-10-19
Hugues;Cochrane;hcochranegf@creativecommons.org;1987-11-21
Denny;Rooze;droozegg@illinois.edu;1967-12-16
Dionysus;Pietrzyk;dpietrzykgh@pcworld.com;1968-03-12
Jackquelin;Dryburgh;jdryburghgi@digg.com;1998-06-15
Dyann;Labden;dlabdengj@vk.com;1981-01-11
Danny;Evelyn;develyngk@indiatimes.com;1972-01-11
Brose;Treverton;btrevertongl@cam.ac.uk;1999-07-19
Udell;Gierth;ugierthgm@umich.edu;1993-02-03
Mela;Thunderman;mthundermangn@so-net.ne.jp;1966-06-12
Zola;Vennings;zvenningsgo@wikia.com;1993-03-30
Jodi;Boggon;jboggongp@blog.com;1972-01-25
Carilyn;Stourton;cstourtongq@github.com;1992-06-10
Willi;MacLeese;wmacleesegr@unicef.org;1961-03-05
Adelind;Tayt;ataytgs@nhs.uk;1981-03-10
Mora;Lockart;mlockartgt@woothemes.com;1973-11-30
Tiffany;Smart;tsmartgu@phoca.cz;1963-10-26
Genevieve;McVane;gmcvanegv@oaic.gov.au;1984-10-17
Nikaniki;Jopp;njoppgw@shop-pro.jp;1999-12-22
Gladys;Lucks;glucksgx@jimdo.com;1965-07-31
Monica;Dutteridge;mdutteridgegy@xing.com;1980-06-17
Price;Alesio;palesiogz@geocities.jp;1986-04-28
Candie;Conklin;cconklinh0@admin.ch;1999-01-16
Emory;Herrema;eherremah1@washington.edu;1991-06-25
Ivette;Shah;ishahh2@instagram.com;1990-11-06
Catharina;Whitechurch;cwhitechurchh3@salon.com;1969-01-10
Garret;Ruhben;gruhbenh4@google.es;1984-05-10
Claire;Zmitrichenko;czmitrichenkoh5@mashable.com;1984-12-09
Madelon;Samsonsen;msamsonsenh6@diigo.com;1982-09-06
Sybila;Grieves;sgrievesh7@dmoz.org;1995-02-01
Pepi;Tonbridge;ptonbridgeh8@w3.org;1993-10-29
Erich;Harroll;eharrollh9@quantcast.com;1968-01-24
Augustine;Harlow;aharlowha@tinyurl.com;1996-01-31
Avram;Adie;aadiehb@ihg.com;1992-03-20
Alvy;Longson;alongsonhc@msu.edu;1971-01-12
Ted;Schmuhl;tschmuhlhd@icio.us;1994-12-08
Cristabel;Jinkinson;cjinkinsonhe@intel.com;1986-05-17
Konstantin;Gillion;kgillionhf@cocolog-nifty.com;1982-02-16
Ed;Escritt;eescritthg@macromedia.com;1980-07-01
Jocelyn;Roussel;jrousselhh@princeton.edu;1990-02-04
Elka;Reggio;ereggiohi@rambler.ru;1991-11-19
Henryetta;Addie;haddiehj@sohu.com;1983-10-27
Ketty;Binford;kbinfordhk@skyrock.com;1964-02-04
Reidar;Badcock;rbadcockhl@sbwire.com;1978-01-09
Sherrie;Attrie;sattriehm@people.com.cn;1990-11-12
Vivianne;Fearne;vfearnehn@seesaa.net;1964-08-31
Kinnie;Pawling;kpawlingho@skype.com;1964-12-05
Ali;Basler;abaslerhp@networkadvertising.org;2000-01-27
Drugi;Janssen;djanssenhq@webeden.co.uk;1995-02-10
Kamilah;Groves;kgroveshr@vinaora.com;1977-09-22
Clarita;Greguol;cgreguolhs@artisteer.com;1965-04-02
Shirlee;Eveleigh;seveleighht@seesaa.net;1977-06-24
Grange;Fedorski;gfedorskihu@imgur.com;1973-10-14
Wandie;Lorent;wlorenthv@adobe.com;1983-12-07
Carlyn;Bonniface;cbonnifacehw@wisc.edu;1964-11-17
Cara;Foyster;cfoysterhx@latimes.com;1982-08-28
Barbra;Goakes;bgoakeshy@dropbox.com;1991-08-03
Euell;Flowith;eflowithhz@twitter.com;1989-05-12
Annabella;Wickmann;awickmanni0@pbs.org;1967-02-15
Sergio;Gellately;sgellatelyi1@google.pl;1997-10-24
Logan;Kuzma;lkuzmai2@wufoo.com;1975-12-03
Pepe;Snadden;psnaddeni3@noaa.gov;1975-07-20
Nonna;Pavey;npaveyi4@cbslocal.com;1966-05-20
Lynea;Ridges;lridgesi5@salon.com;1961-12-07
Garnette;Elliston;gellistoni6@columbia.edu;1990-06-15
Max;Goman;mgomani7@yale.edu;1969-02-07
Hephzibah;Gilvary;hgilvaryi8@slideshare.net;1961-07-30
Maggi;Ambroise;mambroisei9@123-reg.co.uk;1991-07-14
Enrika;Dunkirk;edunkirkia@slashdot.org;1972-05-08
Henka;Cheetham;hcheethamib@drupal.org;1998-06-30
Marna;Hillin;mhillinic@fda.gov;1998-01-25
Carmelle;MacKilroe;cmackilroeid@linkedin.com;1975-08-13
Keelia;Formie;kformieie@vimeo.com;1968-07-06
Egor;Plitz;eplitzif@mac.com;1979-12-31
Andrei;Thurstance;athurstanceig@163.com;1997-07-11
Nichole;Wyrill;nwyrillih@google.com.hk;2000-07-24
Gray;Stellino;gstellinoii@icio.us;1985-01-05
Amalee;Cranmore;acranmoreij@cnbc.com;1993-12-19
Aloisia;Jakolevitch;ajakolevitchik@networkadvertising.org;1994-05-29
Clotilda;Borgesio;cborgesioil@bloglovin.com;1981-04-05
Raimondo;Wartnaby;rwartnabyim@nhs.uk;1963-05-23
Albertina;Blogg;abloggin@g.co;1988-04-13
Harriet;Sallings;hsallingsio@prweb.com;1964-11-17
Jamima;Ludovico;jludovicoip@rambler.ru;1984-05-29
Anabelle;Troubridge;atroubridgeiq@printfriendly.com;1996-10-30
Dulsea;Braybrooks;dbraybrooksir@myspace.com;1984-03-19
Aluin;Gatcliff;agatcliffis@hostgator.com;1995-04-19
Phil;Dymocke;pdymockeit@ehow.com;1979-09-13
Adan;Cohane;acohaneiu@wufoo.com;1965-02-11
Daffy;Christall;dchristalliv@kickstarter.com;1997-10-26
Brynne;Rippen;brippeniw@amazon.co.uk;1970-03-05
Aguistin;Gleeton;agleetonix@sfgate.com;1972-01-28
Micky;Songhurst;msonghurstiy@fema.gov;2000-06-19
Dorolice;Tofpik;dtofpikiz@technorati.com;1964-06-20
Trumann;Huckstepp;thucksteppj0@bigcartel.com;1969-08-09
Sherlocke;DelaField;sdelafieldj1@nps.gov;1990-11-13
Eric;Demangel;edemangelj2@google.ru;1992-09-27
Tabby;Cammacke;tcammackej3@photobucket.com;1996-02-18
Orville;Matthisson;omatthissonj4@yellowpages.com;1981-08-29
Othilie;Heinrici;oheinricij5@thetimes.co.uk;1970-02-19
Giusto;Tregonna;gtregonnaj6@studiopress.com;1999-09-24
Ferris;Mongenot;fmongenotj7@census.gov;1961-04-28
Mord;Shea;msheaj8@smugmug.com;1991-07-17
Krysta;Caselli;kcasellij9@foxnews.com;1967-08-27
Christophorus;Gander;cganderja@bbc.co.uk;2000-05-28
Bobinette;Yandell;byandelljb@mail.ru;1989-05-18
Brigham;Patrie;bpatriejc@ovh.net;1960-01-30
Myrtie;Dockreay;mdockreayjd@last.fm;1967-01-22
Genia;Tirkin;gtirkinje@networksolutions.com;1970-08-03
Lyle;MacDermand;lmacdermandjf@google.pl;1965-05-21
Sergei;Lodin;slodinjg@hugedomains.com;1982-02-25
Karalynn;Marchant;kmarchantjh@umich.edu;1962-07-02
Marianna;Wahncke;mwahnckeji@unesco.org;1997-04-17
Orazio;Monnery;omonneryjj@hubpages.com;1979-07-23
Frank;Greener;fgreenerjk@vk.com;1983-11-20
Shalne;Kumar;skumarjl@washington.edu;2001-01-19
Seumas;Howsin;showsinjm@independent.co.uk;1977-05-26
Leontyne;Pilsbury;lpilsburyjn@myspace.com;1961-09-25
Abigael;Goves;agovesjo@constantcontact.com;1965-02-09
Dionne;Hanshawe;dhanshawejp@dyndns.org;1991-03-08
Freeman;Stentiford;fstentifordjq@blogs.com;1971-01-12
Deva;Noel;dnoeljr@instagram.com;1985-06-16
Goldarina;Terrazzo;gterrazzojs@wufoo.com;1994-12-06
Eddy;Leisman;eleismanjt@delicious.com;1987-11-03
Haley;Vanes;hvanesju@hatena.ne.jp;1984-11-03
Jed;Glenister;jglenisterjv@patch.com;1963-02-14
Seth;Bruineman;sbruinemanjw@nih.gov;1969-06-17
Jacinda;Dallander;jdallanderjx@home.pl;1984-11-06
Garvin;Donaghy;gdonaghyjy@unicef.org;1983-10-16
Shanta;Fearnehough;sfearnehoughjz@psu.edu;1982-11-03
Sancho;Becerra;sbecerrak0@fema.gov;1987-11-06
Lou;Leteurtre;lleteurtrek1@apple.com;1997-06-21
Lindie;Teeney;lteeneyk2@sciencedaily.com;1972-05-13
Stanton;Takkos;stakkosk3@nasa.gov;1999-01-04
Marc;Tanswill;mtanswillk4@eventbrite.com;1994-04-15
Rorie;Grigorini;rgrigorinik5@google.nl;2000-04-07
Bartram;Behnecken;bbehneckenk6@msu.edu;2000-10-26
Amalie;Limer;alimerk7@epa.gov;1986-03-19
Jelene;Heskey;jheskeyk8@hatena.ne.jp;1972-11-03
Blake;Twitching;btwitchingk9@behance.net;1978-04-13
Dorri;Pentony;dpentonyka@mail.ru;1977-08-15
Cash;Capel;ccapelkb@eventbrite.com;1970-05-08
Lishe;Crosgrove;lcrosgrovekc@google.ca;1988-02-11
Efrem;Mylechreest;emylechreestkd@intel.com;1970-09-25
Ellary;MacDonough;emacdonoughke@behance.net;1978-12-29
Palmer;Kintish;pkintishkf@rakuten.co.jp;1966-01-02
Brucie;Kinsey;bkinseykg@smugmug.com;1980-01-06
Tadeas;Fookes;tfookeskh@globo.com;1984-10-31
Salvidor;Chandlar;schandlarki@reddit.com;1983-11-16
Natassia;Kirkbright;nkirkbrightkj@yandex.ru;1993-07-24
Frasier;Gregoli;fgregolikk@dropbox.com;1977-09-07
Malorie;Klouz;mklouzkl@amazon.co.jp;1994-01-29
Lorette;Sibille;lsibillekm@exblog.jp;1985-11-19
Hermina;Stepney;hstepneykn@angelfire.com;1967-09-18
Peirce;Janczak;pjanczakko@imgur.com;1994-02-09
Thomas;Moreinu;tmoreinukp@squarespace.com;1978-01-25
Frasco;Eddowes;feddoweskq@ning.com;1971-07-14
Angelle;Buglar;abuglarkr@vimeo.com;1994-05-31
Kippy;Bugden;kbugdenks@qq.com;1983-03-13
Garfield;Whotton;gwhottonkt@cpanel.net;1984-11-14
Devonna;Cooley;dcooleyku@photobucket.com;1992-02-27
Claudianus;Metterick;cmetterickkv@accuweather.com;1969-06-07
Holt;Pearcehouse;hpearcehousekw@nifty.com;1986-05-31
Cecil;Barnwille;cbarnwillekx@dedecms.com;1992-11-08
Terri;Heliar;theliarky@japanpost.jp;1989-10-24
Johannah;Haile;jhailekz@sohu.com;1978-07-02
Kata;Undrell;kundrelll0@meetup.com;1993-02-04
Drona;Gilbody;dgilbodyl1@tiny.cc;1972-04-09
Ali;Scobie;ascobiel2@time.com;1969-12-05
Bobbie;Pinel;bpinell3@360.cn;1966-11-02
Abie;Yurin;ayurinl4@bing.com;1989-10-10
Mal;Abrey;mabreyl5@nasa.gov;1994-11-02
Mendie;McGuinley;mmcguinleyl6@berkeley.edu;1963-12-29
Forester;Paddingdon;fpaddingdonl7@reuters.com;1965-02-22
Neysa;Grinov;ngrinovl8@over-blog.com;1969-12-09
Tadeas;Biddleston;tbiddlestonl9@aboutads.info;1967-01-06
Beatrice;Mauchlen;bmauchlenla@i2i.jp;1995-05-19
Terra;Bunting;tbuntinglb@wikimedia.org;1997-05-29
Alanah;Ivachyov;aivachyovlc@dion.ne.jp;1977-05-27
Nikolos;Butterworth;nbutterworthld@harvard.edu;1984-05-28
Royall;Drever;rdreverle@webs.com;1982-12-06
Mellie;Ibeson;mibesonlf@yellowpages.com;1970-06-18
Frazer;Issard;fissardlg@nsw.gov.au;1994-01-30
Lauraine;Antrag;lantraglh@cafepress.com;1976-12-31
Hall;Rabbatts;hrabbattsli@salon.com;1988-02-11
Franciska;Mitcheson;fmitchesonlj@cisco.com;1961-08-25
Sayre;Blenkinsopp;sblenkinsopplk@oracle.com;1977-07-05
Neilla;Upward;nupwardll@latimes.com;1976-02-15
Fair;Laugheran;flaugheranlm@weibo.com;1962-11-25
Thane;Bohlsen;tbohlsenln@yolasite.com;1988-05-17
Hobey;Gay;hgaylo@parallels.com;1960-12-25
Lucina;Steward;lstewardlp@ustream.tv;1977-07-05
Rhody;Kirke;rkirkelq@vimeo.com;1962-10-14
Isidore;Mault;imaultlr@g.co;1974-02-04
Christos;Hawksley;chawksleyls@hugedomains.com;1973-11-13
Nathalie;Northin;nnorthinlt@prweb.com;1984-05-11
Jozef;Shear;jshearlu@chicagotribune.com;1964-08-19
Granny;Beau;gbeaulv@amazon.com;1995-05-12
Agnes;Brodest;abrodestlw@biglobe.ne.jp;1967-10-12
Richmound;Winnister;rwinnisterlx@dagondesign.com;1996-07-15
Enrichetta;Baynes;ebaynesly@nsw.gov.au;1995-11-10
Tamas;Sellar;tsellarlz@networkadvertising.org;1982-06-27
Clyve;Shoorbrooke;cshoorbrookem0@list-manage.com;1972-07-22
Nerty;Lampard;nlampardm1@soundcloud.com;1977-04-03
Domenico;McCumskay;dmccumskaym2@wisc.edu;1977-05-22
Leila;Barnbrook;lbarnbrookm3@de.vu;1973-04-04
Garner;Cheales;gchealesm4@fema.gov;1997-04-11
Cart;Goodsall;cgoodsallm5@ifeng.com;1992-08-25
Philis;McSherry;pmcsherrym6@marriott.com;1973-11-11
Rutger;Campes;rcampesm7@ox.ac.uk;1996-10-09
Laverna;Bamling;lbamlingm8@shop-pro.jp;1987-12-01
Rosetta;Malam;rmalamm9@netlog.com;1988-10-26
Nickolas;Drewry;ndrewryma@a8.net;1982-03-08
Torrey;Woodfine;twoodfinemb@amazon.co.jp;1998-10-21
Pernell;O'Heyne;poheynemc@blogspot.com;1999-01-28
Gerry;Ketchen;gketchenmd@google.es;1966-03-22
Kristyn;Glaves;kglavesme@ucoz.com;1966-11-09
Imogen;Bass;ibassmf@samsung.com;1974-02-01
Thoma;Girardot;tgirardotmg@apache.org;1976-12-28
Lotti;covino;lcovinomh@tuttocitta.it;1989-08-16
Lesley;Phipp;lphippmi@flickr.com;1970-09-10
Joelynn;Jenney;jjenneymj@sitemeter.com;1990-10-27
Bertram;Quiddihy;bquiddihymk@zimbio.com;1989-05-24
Broderic;Filoniere;bfiloniereml@unblog.fr;1977-02-20
Spence;Edrich;sedrichmm@forbes.com;1978-12-01
Carlynn;Alven;calvenmn@hubpages.com;1964-12-07
Chicky;Robyns;crobynsmo@arstechnica.com;1994-03-24
Justus;Jantot;jjantotmp@ed.gov;1988-06-26
Margarita;Pirelli;mpirellimq@multiply.com;1979-09-06
Dominic;St Pierre;dstpierremr@mtv.com;1995-03-10
Matthiew;Strippel;mstrippelms@cmu.edu;1967-05-13
Shelley;Magrane;smagranemt@marriott.com;1998-05-21
Karry;Pember;kpembermu@diigo.com;1967-04-19
Anatole;Marr;amarrmv@list-manage.com;1969-11-06
Bryanty;Gooday;bgoodaymw@seattletimes.com;1971-10-27
Ross;Geist;rgeistmx@yandex.ru;1987-01-11
Michaelina;Anstee;mansteemy@etsy.com;1994-07-06
Burlie;Teape;bteapemz@springer.com;1990-10-16
Cherish;Murch;cmurchn0@histats.com;1992-08-28
Ethyl;Espinazo;eespinazon1@ehow.com;1967-08-01
Issiah;Akaster;iakastern2@addthis.com;1971-03-09
Jo;Devers;jdeversn3@ebay.co.uk;1975-08-12
Juana;Parrott;jparrottn4@paginegialle.it;1963-08-09
Etienne;Kunisch;ekunischn5@imageshack.us;1979-06-01
Nellie;Bennallck;nbennallckn6@google.fr;1970-01-24
Magnum;Triplett;mtriplettn7@omniture.com;1982-10-19
Magdalena;Verbeke;mverbeken8@cloudflare.com;1961-07-24
Philbert;Babbs;pbabbsn9@phoca.cz;1989-01-17
Launce;Eccersley;leccersleyna@dagondesign.com;1995-10-04
Wini;Merill;wmerillnb@mayoclinic.com;1964-04-14
Natasha;McMurdo;nmcmurdonc@squarespace.com;1986-10-03
Eberhard;Danser;edansernd@networksolutions.com;1970-07-06
Garth;Exon;gexonne@vimeo.com;1994-06-04
Lorrie;Cardenoza;lcardenozanf@baidu.com;1964-11-04
Asa;Hedditch;ahedditchng@4shared.com;1964-07-13
Henderson;Mary;hmarynh@engadget.com;1993-03-12
Ellis;Phythean;ephytheanni@com.com;1970-02-17
Tomkin;Lappine;tlappinenj@japanpost.jp;1979-12-09
Roseanna;Tilburn;rtilburnnk@yelp.com;2000-09-22
Jeralee;Rudeforth;jrudeforthnl@soundcloud.com;1969-08-25
Constancy;Garvie;cgarvienm@netscape.com;2000-09-11
Munroe;Mattisson;mmattissonnn@bing.com;1962-05-15
Gerri;Harmond;gharmondno@fastcompany.com;2000-06-23
Noby;Leamy;nleamynp@china.com.cn;1962-07-20
Christie;Kmicicki;ckmicickinq@acquirethisname.com;1983-07-05
Kincaid;Frostick;kfrosticknr@bluehost.com;1962-12-02
Fabiano;Hanretty;fhanrettyns@cnbc.com;1969-12-02
Alasteir;Vautier;avautiernt@indiatimes.com;1984-01-06
Marguerite;Jereatt;mjereattnu@nyu.edu;1982-06-04
Davida;Pollastrone;dpollastronenv@example.com;1971-12-10
Tobias;Mouatt;tmouattnw@yolasite.com;1983-05-13
Gunther;Meuse;gmeusenx@dagondesign.com;1975-06-15
Bonita;Elsdon;belsdonny@dailymail.co.uk;1986-11-10
Celle;Pethrick;cpethricknz@examiner.com;1963-07-10
Cynthea;Pothbury;cpothburyo0@jalbum.net;1967-02-04
Morley;People;mpeopleo1@blogtalkradio.com;1980-05-16
Hildegaard;Tuer;htuero2@canalblog.com;1984-09-02
Mauricio;Gresch;mgrescho3@netvibes.com;1969-07-25
Andreas;Ditts;adittso4@sbwire.com;1981-07-25
Padget;Brewse;pbrewseo5@cnn.com;1986-11-18
Lilas;Lamers;llamerso6@tuttocitta.it;2000-04-30
Selby;Bartoloma;sbartolomao7@howstuffworks.com;1993-06-17
Calypso;Satch;csatcho8@engadget.com;1994-02-27
Vern;Bratch;vbratcho9@mac.com;1993-05-09
Albert;Zecchini;azecchinioa@slashdot.org;1972-05-30
Amery;Hanfrey;ahanfreyob@meetup.com;1990-01-22
Gwenore;Drinkel;gdrinkeloc@ycombinator.com;1964-04-25
Beniamino;Panas;bpanasod@wisc.edu;1977-07-13
Ophelie;Linklet;olinkletoe@merriam-webster.com;1963-08-24
Graehme;Drover;gdroverof@sciencedirect.com;1972-01-10
Noby;Grewcock;ngrewcockog@whitehouse.gov;1984-02-17
Kory;Boaler;kboaleroh@com.com;1996-01-14
Barnebas;Kretchmer;bkretchmeroi@pagesperso-orange.fr;1966-05-02
Myra;Callender;mcallenderoj@xinhuanet.com;1995-04-03
Theobald;Tribbeck;ttribbeckok@woothemes.com;1970-09-14
Tami;Paoloni;tpaoloniol@tiny.cc;1977-07-23
Benedict;Mc Queen;bmcqueenom@imageshack.us;1979-08-01
Tabina;Eslinger;teslingeron@google.nl;1977-07-03
Honoria;Solan;hsolanoo@elegantthemes.com;1974-05-23
Aggie;Greensall;agreensallop@prlog.org;1997-12-01
Ursula;MacAlister;umacalisteroq@liveinternet.ru;1988-08-11
Almeria;Eymor;aeymoror@yellowbook.com;1975-09-25
Maynord;Moffet;mmoffetos@photobucket.com;1961-01-29
Donn;Cuseck;dcuseckot@simplemachines.org;1972-09-07
Base;Risebrow;brisebrowou@nymag.com;1961-07-11
Julianne;Gleeton;jgleetonov@sciencedirect.com;1968-01-26
Lanita;Errichiello;lerrichielloow@newyorker.com;1968-12-06
Moishe;MacCardle;mmaccardleox@seesaa.net;1988-03-28
Annadiana;Treslove;atresloveoy@de.vu;1999-04-26
Adriane;Mumberson;amumbersonoz@hatena.ne.jp;1966-01-06
Myranda;Ruzic;mruzicp0@usgs.gov;1984-08-19
Daisie;Puttrell;dputtrellp1@toplist.cz;1981-04-15
Berte;Darthe;bdarthep2@npr.org;1978-08-28
Duane;Ferrey;dferreyp3@ycombinator.com;1992-09-18
Broddy;Paternoster;bpaternosterp4@microsoft.com;1978-11-23
Vivie;Brager;vbragerp5@youtube.com;1992-06-20
Erhard;Lennard;elennardp6@lulu.com;1978-10-20
Biddy;Aleksankin;baleksankinp7@eepurl.com;1995-04-28
Teddi;Wickendon;twickendonp8@alibaba.com;1979-02-22
Crista;Wogan;cwoganp9@themeforest.net;1987-02-02
Ingra;Jerdan;ijerdanpa@google.de;1980-08-18
Rebecka;Welham;rwelhampb@ftc.gov;1980-03-08
Ferd;Leacock;fleacockpc@themeforest.net;1982-07-29
Ludwig;Vanyukov;lvanyukovpd@cornell.edu;1960-07-12
Allistir;Chessor;achessorpe@fastcompany.com;1963-12-09
Marlowe;Cudby;mcudbypf@usnews.com;1996-09-07
Brandon;Tradewell;btradewellpg@clickbank.net;1990-03-09
Rhett;Kilgallen;rkilgallenph@t-online.de;1998-10-02
Phillida;State;pstatepi@nih.gov;1964-08-25
Stillmann;Bassingham;sbassinghampj@about.me;1971-12-03
Vernen;Benech;vbenechpk@parallels.com;1994-01-27
Katherine;Pannett;kpannettpl@ameblo.jp;1989-07-10
Hester;Gaspard;hgaspardpm@livejournal.com;1987-09-15
Nannette;Pillinger;npillingerpn@lulu.com;1962-08-26
Cheston;Olexa;colexapo@nymag.com;1972-02-05
Blanca;Hubbuck;bhubbuckpp@cisco.com;1978-12-16
Kiley;Dove;kdovepq@arstechnica.com;1989-04-06
Isobel;Partlett;ipartlettpr@histats.com;1971-04-23
Shurlock;Bamell;sbamellps@salon.com;1984-03-05
Ailis;Rubel;arubelpt@geocities.jp;1981-06-12
Devy;Knoller;dknollerpu@1und1.de;1972-07-01
Celeste;Cobby;ccobbypv@ebay.com;1999-11-10
Nanice;Godwyn;ngodwynpw@google.com.au;1968-02-18
Indira;Angell;iangellpx@nasa.gov;1973-12-20
Harlen;Larciere;hlarcierepy@163.com;1988-03-11
Iosep;Dearn;idearnpz@netvibes.com;1972-10-12
Dasie;Blumson;dblumsonq0@elpais.com;1965-01-14
Deina;MacEveley;dmaceveleyq1@si.edu;1971-04-29
Jacynth;Nuccitelli;jnuccitelliq2@printfriendly.com;1976-01-17
Shawna;Wybern;swybernq3@cocolog-nifty.com;1970-09-06
Shaine;Fradgley;sfradgleyq4@hao123.com;1977-07-06
Joshuah;Gorch;jgorchq5@si.edu;1974-08-30
Richmound;Mayhew;rmayhewq6@europa.eu;1972-12-20
Pansie;Hathway;phathwayq7@hexun.com;1976-12-16
Rufe;Sherrin;rsherrinq8@ft.com;1993-10-04
Theodora;Tander;ttanderq9@huffingtonpost.com;1981-02-23
Harrison;Lamblin;hlamblinqa@who.int;1966-08-12
Welby;Schaumaker;wschaumakerqb@yahoo.com;1990-10-04
Jonie;McGowan;jmcgowanqc@dmoz.org;1961-12-11
Sandy;Mash;smashqd@dot.gov;1974-12-08
Sheilah;Berkowitz;sberkowitzqe@exblog.jp;1965-05-09
Virge;Pimblett;vpimblettqf@princeton.edu;1998-08-19
Madelin;Fairnington;mfairningtonqg@hatena.ne.jp;1987-06-26
Miquela;Gioan;mgioanqh@wp.com;1967-06-08
Adrienne;Nehlsen;anehlsenqi@github.io;1993-05-07
Ralph;Edworthy;redworthyqj@typepad.com;1985-01-30
Marillin;Wallis;mwallisqk@google.pl;1992-08-27
Darda;Pulbrook;dpulbrookql@amazon.co.uk;1967-08-02
Sharona;Ruppert;sruppertqm@adobe.com;1965-08-28
Brannon;Kedslie;bkedslieqn@technorati.com;2001-01-15
Ricky;Mathen;rmathenqo@time.com;1998-10-04
Lizzy;Muddimer;lmuddimerqp@infoseek.co.jp;1962-07-09
Emmett;Ringham;eringhamqq@adobe.com;1985-07-11
Huberto;Fairpool;hfairpoolqr@ask.com;1972-01-16
Stormie;Vant;svantqs@geocities.com;1972-01-25
Adriano;Tolan;atolanqt@dropbox.com;1996-12-26
Rosina;Dickerline;rdickerlinequ@squidoo.com;1981-06-18
Hatty;Deering;hdeeringqv@xinhuanet.com;1983-12-03
Nickolai;Bramont;nbramontqw@dion.ne.jp;1981-05-05
Latia;McCard;lmccardqx@stanford.edu;1981-01-31
Trumann;Gipp;tgippqy@csmonitor.com;1990-12-24
Udall;Merrett;umerrettqz@theguardian.com;1966-03-18
Welbie;Bessant;wbessantr0@networksolutions.com;1965-12-15
Nikolia;Eburne;neburner1@hatena.ne.jp;1988-06-17
Jillayne;Jumont;jjumontr2@toplist.cz;1973-02-01
Edgar;Portman;eportmanr3@pinterest.com;1975-06-23
Florie;Aughtie;faughtier4@over-blog.com;1992-09-24
Grannie;Luto;glutor5@wired.com;2000-06-22
Jdavie;Bohje;jbohjer6@berkeley.edu;1971-09-11
Vinnie;Kew;vkewr7@amazonaws.com;1984-08-28
Pen;Duprey;pdupreyr8@vistaprint.com;1962-10-30
Odell;Bony;obonyr9@dropbox.com;1978-08-24
Gayleen;Dumpleton;gdumpletonra@angelfire.com;1979-11-03
Karilynn;Motton;kmottonrb@narod.ru;1994-07-01
Ellerey;Woan;ewoanrc@purevolume.com;2000-11-25
Danyelle;Fidgett;dfidgettrd@dagondesign.com;1977-05-03
Krystalle;Zeplin;kzeplinre@sphinn.com;1990-09-04
Bettine;Heaford;bheafordrf@sciencedirect.com;1963-01-29
Udall;Nurden;unurdenrg@wp.com;1968-05-21
Carmelia;Gatty;cgattyrh@devhub.com;1979-07-27
Nonie;Crame;ncrameri@psu.edu;1969-10-26
Joice;Ethington;jethingtonrj@sina.com.cn;1977-09-15
Tanny;Breakwell;tbreakwellrk@redcross.org;1985-10-17
Cristian;Skures;cskuresrl@hhs.gov;1994-11-24
Koenraad;Maryet;kmaryetrm@cisco.com;1991-11-29
Philbert;Stather;pstatherrn@mashable.com;1990-05-03
Tiffanie;Woosnam;twoosnamro@yellowpages.com;1978-07-20
Virgie;Pasticznyk;vpasticznykrp@hao123.com;1984-01-22
Giavani;Hambers;ghambersrq@xrea.com;1961-01-06
Daveen;Lindeboom;dlindeboomrr@oakley.com;1964-06-09
